nom,dos,Name,time_cost,time_cost_background_color,artwork,type_line_left,tags_text,rules_text,taste_background_color,taste,faction,background_color,Name_taille,Name_couleurTexte,Name_couleurFond,time_cost_taille,time_cost_couleurTexte,time_cost_couleurFond,type_line_left_taille,type_line_left_couleurTexte,type_line_left_couleurFond,tags_text_taille,tags_text_couleurTexte,tags_text_couleurFond,rules_text_taille,rules_text_couleurTexte,rules_text_couleurFond,taste_taille,taste_couleurTexte,taste_couleurFond,faction_taille,faction_couleurTexte,faction_couleurFond,tags,folder,langue,fr_nom,en_nom,fr_Name,en_Name,fr_time_cost,en_time_cost,fr_type_line_left,en_type_line_left,fr_tags_text,en_tags_text,fr_rules_text,en_rules_text,fr_taste,en_taste,fr_faction,en_faction
Simple Soup,,Simple Soup,2,#D6A23A,https://raw.githubusercontent.com/MaximeBastion/dish-deckbuilder/develop/assets/card-art/v1/simple_soup.png,Dish - Extra,,,#FFF2B8,1,Neutral,#7A7A72,,,,,,,,,,,,,,,,,,,,,,,DishDeckbuilder,fr,Soupe simple,Simple Soup,Soupe simple,Simple Soup,2,2,Plat - Extra,Dish - Extra,,,,,1,1,Neutre,Neutral
Prep,,Prep,,#00000000,https://raw.githubusercontent.com/MaximeBastion/dish-deckbuilder/develop/assets/card-art/v1/prep.png,Time,,Gain 1 Time.,#00000000,,Neutral,#D6A23A,,,,,,,,,,,,,,,,,,,,,,,DishDeckbuilder,fr,Preparation,Prep,Preparation,Prep,,,Temps,Time,,,Gagnez 1 Temps.,Gain 1 Time.,,,Neutre,Neutral
Practice Session,,Practice Session,3,#D6A23A,https://raw.githubusercontent.com/MaximeBastion/dish-deckbuilder/develop/assets/card-art/v1/practice_session.png,Time,,Gain 2 Time.,#00000000,,Neutral,#D6A23A,,,,,,,,,,,,,,,,,,,,,,,DishDeckbuilder,fr,Seance d'entrainement,Practice Session,Seance d'entrainement,Practice Session,3,3,Temps,Time,,,Gagnez 2 Temps.,Gain 2 Time.,,,Neutre,Neutral
Masterclass,,Masterclass,6,#D6A23A,https://raw.githubusercontent.com/MaximeBastion/dish-deckbuilder/develop/assets/card-art/v1/masterclass.png,Time,,Gain 3 Time.,#00000000,,Neutral,#D6A23A,,,,,,,,,,,,,,,,,,,,,,,DishDeckbuilder,fr,Masterclass,Masterclass,Masterclass,Masterclass,6,6,Temps,Time,,,Gagnez 3 Temps.,Gain 3 Time.,,,Neutre,Neutral
Cheese Board,,Cheese Board,3,#D6A23A,https://raw.githubusercontent.com/MaximeBastion/dish-deckbuilder/develop/assets/card-art/v1/cheese_board.png,Dish - Extra,Cheese,During judging if you present another Cheese dish gain +2 Favor and 1 Time.,#FFF2B8,2,French,#2F5DA8,,,,,,,,,,,,,,,,,,,,,,,DishDeckbuilder,fr,Plateau de fromages,Cheese Board,Plateau de fromages,Cheese Board,3,3,Plat - Extra,Dish - Extra,Fromage,Cheese,Au jugement si vous presentez un autre plat Fromage gagnez +2 Faveur et 1 Temps.,During judging if you present another Cheese dish gain +2 Favor and 1 Time.,2,2,Francais,French
Raclette,,Raclette,5,#D6A23A,https://raw.githubusercontent.com/MaximeBastion/dish-deckbuilder/develop/assets/card-art/v1/raclette.png,Dish - Main,"Cheese, Meat",Other Cheese dishes you present get +1 Taste.,#FFF2B8,4,French,#2F5DA8,,,,,,,,,,,,,,,,,,,,,,,DishDeckbuilder,fr,Raclette,Raclette,Raclette,Raclette,5,5,Plat - Principal,Dish - Main,"Fromage, Viande","Cheese, Meat",Vos autres plats Fromage presentes gagnent +1 Gout.,Other Cheese dishes you present get +1 Taste.,4,4,Francais,French
Foie Gras Toast,,Foie Gras Toast,5,#D6A23A,https://raw.githubusercontent.com/MaximeBastion/dish-deckbuilder/develop/assets/card-art/v1/foie_gras_toast.png,Dish - Appetizer,Meat,If this is your only Appetizer it gets +2 Taste.,#FFF2B8,5,French,#2F5DA8,,,,,,,,,,,,,,,,,,,,,,,DishDeckbuilder,fr,Toast de foie gras,Foie Gras Toast,Toast de foie gras,Foie Gras Toast,5,5,Plat - Entree,Dish - Appetizer,Viande,Meat,Si c'est votre seule Entree ce plat gagne +2 Gout.,If this is your only Appetizer it gets +2 Taste.,5,5,Francais,French
Bouillabaisse,,Bouillabaisse,4,#D6A23A,https://raw.githubusercontent.com/MaximeBastion/dish-deckbuilder/develop/assets/card-art/v1/bouillabaisse.png,Dish - Main,Seafood,During judging if this is your only Main it gets +2 Taste.,#FFF2B8,3,French,#2F5DA8,,,,,,,,,,,,,,,,,,,,,,,DishDeckbuilder,fr,Bouillabaisse,Bouillabaisse,Bouillabaisse,Bouillabaisse,4,4,Plat - Principal,Dish - Main,Fruits de mer,Seafood,Au jugement si c'est votre seul Plat ce plat gagne +2 Gout.,During judging if this is your only Main it gets +2 Taste.,3,3,Francais,French
Escargots,,Escargots,3,#D6A23A,https://raw.githubusercontent.com/MaximeBastion/dish-deckbuilder/develop/assets/card-art/v1/escargots.png,Dish - Appetizer,Seafood,If the Judge does not favor you this gets +2 Taste.,#FFF2B8,2,French,#2F5DA8,,,,,,,,,,,,,,,,,,,,,,,DishDeckbuilder,fr,Escargots,Escargots,Escargots,Escargots,3,3,Plat - Entree,Dish - Appetizer,Fruits de mer,Seafood,Si le Juge ne vous favorise pas ce plat gagne +2 Gout.,If the Judge does not favor you this gets +2 Taste.,2,2,Francais,French
Saucisson,,Saucisson,2,#D6A23A,https://raw.githubusercontent.com/MaximeBastion/dish-deckbuilder/develop/assets/card-art/v1/saucisson.png,Dish - Extra,Meat,"You may attach this to another Dish. If you do, gain 1 Time.",#FFF2B8,1,French,#2F5DA8,,,,,,,,,,,,,,,,,,,,,,,DishDeckbuilder,fr,Saucisson,Saucisson,Saucisson,Saucisson,2,2,Plat - Extra,Dish - Extra,Viande,Meat,"Vous pouvez attacher ce plat a un autre plat. Si vous le faites, gagnez 1 Temps.","You may attach this to another Dish. If you do, gain 1 Time.",1,1,Francais,French
Burger,,Burger,3,#D6A23A,https://raw.githubusercontent.com/MaximeBastion/dish-deckbuilder/develop/assets/card-art/v1/burger.png,Dish - Main,"Meat, Tomato",During judging if you present an Extra this gets +1 Taste.,#FFF2B8,2,American,#C44736,,,,,,,,,,,,,,,,,,,,,,,DishDeckbuilder,fr,Burger,Burger,Burger,Burger,3,3,Plat - Principal,Dish - Main,"Viande, Tomate","Meat, Tomato",Au jugement si vous presentez un Extra ce plat gagne +1 Gout.,During judging if you present an Extra this gets +1 Taste.,2,2,Americain,American
Hot Dog,,Hot Dog,2,#D6A23A,https://raw.githubusercontent.com/MaximeBastion/dish-deckbuilder/develop/assets/card-art/v1/hot_dog.png,Dish - Main,Meat,"During judging if you present another Main this gets +2 Taste. If that Main is Meat, gain 1 Time.",#FFF2B8,2,American,#C44736,,,,,,,,,,,,,,,,,,,,,,,DishDeckbuilder,fr,Hot dog,Hot Dog,Hot dog,Hot Dog,2,2,Plat - Principal,Dish - Main,Viande,Meat,"Au jugement si vous presentez un autre Plat ce plat gagne +2 Gout. Si ce Plat est Viande, gagnez 1 Temps.","During judging if you present another Main this gets +2 Taste. If that Main is Meat, gain 1 Time.",2,2,Americain,American
Fried Chicken,,Fried Chicken,4,#D6A23A,https://raw.githubusercontent.com/MaximeBastion/dish-deckbuilder/develop/assets/card-art/v1/fried_chicken.png,Dish - Main,"Meat, Fried",During judging if you present another Fried dish this gets +2 Taste.,#FFF2B8,3,American,#C44736,,,,,,,,,,,,,,,,,,,,,,,DishDeckbuilder,fr,Poulet frit,Fried Chicken,Poulet frit,Fried Chicken,4,4,Plat - Principal,Dish - Main,"Viande, Friture","Meat, Fried",Au jugement si vous presentez un autre plat Friture ce plat gagne +2 Gout.,During judging if you present another Fried dish this gets +2 Taste.,3,3,Americain,American
Freedom Fries,,Freedom Fries,2,#D6A23A,https://raw.githubusercontent.com/MaximeBastion/dish-deckbuilder/develop/assets/card-art/v1/french_fries.png,Dish - Extra,Fried,During judging if you present a Meat dish this gets +2 Taste and you gain 1 Time.,#FFF2B8,1,American,#C44736,,,,,,,,,,,,,,,,,,,,,,,DishDeckbuilder,fr,Frites de la liberte,Freedom Fries,Frites de la liberte,Freedom Fries,2,2,Plat - Extra,Dish - Extra,Friture,Fried,Au jugement si vous presentez un plat Viande ce plat gagne +2 Gout et vous gagnez 1 Temps.,During judging if you present a Meat dish this gets +2 Taste and you gain 1 Time.,1,1,Americain,American
Deep-Fried Pickles,,Deep-Fried Pickles,2,#D6A23A,https://raw.githubusercontent.com/MaximeBastion/dish-deckbuilder/develop/assets/card-art/v1/deep_fried_pickles.png,Dish - Appetizer,Fried,During judging if you present another Fried dish this gets +2 Taste and each opponent gains Food Coma.,#FFF2B8,1,American,#C44736,,,,,,,,,,,,,,,,,,,,,,,DishDeckbuilder,fr,Cornichons frits,Deep-Fried Pickles,Cornichons frits,Deep-Fried Pickles,2,2,Plat - Entree,Dish - Appetizer,Friture,Fried,Au jugement si vous presentez un autre plat Friture ce plat gagne +2 Gout et chaque adversaire gagne Coma alimentaire.,During judging if you present another Fried dish this gets +2 Taste and each opponent gains Food Coma.,1,1,Americain,American
Sloppy Joe,,Sloppy Joe,3,#D6A23A,https://raw.githubusercontent.com/MaximeBastion/dish-deckbuilder/develop/assets/card-art/v1/sloppy_joe.png,Dish - Main,"Meat, Tomato",During judging if you present another Tomato dish gain +1 Favor.,#FFF2B8,2,American,#C44736,,,,,,,,,,,,,,,,,,,,,,,DishDeckbuilder,fr,Sloppy Joe,Sloppy Joe,Sloppy Joe,Sloppy Joe,3,3,Plat - Principal,Dish - Main,"Viande, Tomate","Meat, Tomato",Au jugement si vous presentez un autre plat Tomate gagnez +1 Faveur.,During judging if you present another Tomato dish gain +1 Favor.,2,2,Americain,American
Sushi Set,,Sushi Set,4,#D6A23A,https://raw.githubusercontent.com/MaximeBastion/dish-deckbuilder/develop/assets/card-art/v1/sushi_set.png,Dish - Main,"Seafood, Rice",During judging if you present Appetizer Main and Dessert gain +2 Favor.,#FFF2B8,3,Japanese,#2F7D6D,,,,,,,,,,,,,,,,,,,,,,,DishDeckbuilder,fr,Assortiment de sushis,Sushi Set,Assortiment de sushis,Sushi Set,4,4,Plat - Principal,Dish - Main,"Fruits de mer, Riz","Seafood, Rice",Au jugement si vous presentez Entree Plat et Dessert gagnez +2 Faveur.,During judging if you present Appetizer Main and Dessert gain +2 Favor.,3,3,Japonais,Japanese
Onigiri,,Onigiri,2,#D6A23A,https://raw.githubusercontent.com/MaximeBastion/dish-deckbuilder/develop/assets/card-art/v1/onigiri.png,Dish - Extra,Rice,"Look at the top 3 cards of your deck. Discard up to 1 of them. If it is a Status, Peel it instead.",#FFF2B8,1,Japanese,#2F7D6D,,,,,,,,,,,,,,,,,,,,,,,DishDeckbuilder,fr,Onigiri,Onigiri,Onigiri,Onigiri,2,2,Plat - Extra,Dish - Extra,Riz,Rice,"Regardez les 3 premieres cartes de votre deck. Defaussez-en jusqu'a 1. Si c'est un Statut, Epluchez-le a la place.","Look at the top 3 cards of your deck. Discard up to 1 of them. If it is a Status, Peel it instead.",1,1,Japonais,Japanese
Tempura,,Tempura,3,#D6A23A,https://raw.githubusercontent.com/MaximeBastion/dish-deckbuilder/develop/assets/card-art/v1/tempura.png,Dish - Appetizer,"Seafood, Fried",During judging if you present no duplicate core course this gets +1 Taste.,#FFF2B8,2,Japanese,#2F7D6D,,,,,,,,,,,,,,,,,,,,,,,DishDeckbuilder,fr,Tempura,Tempura,Tempura,Tempura,3,3,Plat - Entree,Dish - Appetizer,"Fruits de mer, Friture","Seafood, Fried",Au jugement si vous ne presentez aucun doublon de plat de base ce plat gagne +1 Gout.,During judging if you present no duplicate core course this gets +1 Taste.,2,2,Japonais,Japanese
Katsu Curry Rice,,Katsu Curry Rice,4,#D6A23A,https://raw.githubusercontent.com/MaximeBastion/dish-deckbuilder/develop/assets/card-art/v1/katsu_curry_rice.png,Dish - Main,"Fried, Rice",If you Peeled this turn this gets +1 Taste.,#FFF2B8,3,Japanese,#2F7D6D,,,,,,,,,,,,,,,,,,,,,,,DishDeckbuilder,fr,Riz au curry katsu,Katsu Curry Rice,Riz au curry katsu,Katsu Curry Rice,4,4,Plat - Principal,Dish - Main,"Friture, Riz","Fried, Rice",Si vous avez Epluche ce tour ce plat gagne +1 Gout.,If you Peeled this turn this gets +1 Taste.,3,3,Japonais,Japanese
Sashimi,,Sashimi,3,#D6A23A,https://raw.githubusercontent.com/MaximeBastion/dish-deckbuilder/develop/assets/card-art/v1/sashimi.png,Dish - Appetizer,Seafood,"Draw 2 then discard 1. If you discard a Status, gain 1 Time.",#FFF2B8,2,Japanese,#2F7D6D,,,,,,,,,,,,,,,,,,,,,,,DishDeckbuilder,fr,Sashimi,Sashimi,Sashimi,Sashimi,3,3,Plat - Entree,Dish - Appetizer,Fruits de mer,Seafood,"Piochez 2 puis defaussez 1. Si vous defaussez un Statut, gagnez 1 Temps.","Draw 2 then discard 1. If you discard a Status, gain 1 Time.",2,2,Japonais,Japanese
Takoyaki,,Takoyaki,3,#D6A23A,https://raw.githubusercontent.com/MaximeBastion/dish-deckbuilder/develop/assets/card-art/v1/takoyaki.png,Dish - Extra,"Seafood, Fried","If this is your only Extra, you may Peel 1. Then look at the top 2 cards of your deck. You may put 1 on the bottom of your deck.",#FFF2B8,2,Japanese,#2F7D6D,,,,,,,,,,,,,,,,,,,,,,,DishDeckbuilder,fr,Takoyaki,Takoyaki,Takoyaki,Takoyaki,3,3,Plat - Extra,Dish - Extra,"Fruits de mer, Friture","Seafood, Fried","Si c'est votre seul Extra, vous pouvez Eplucher 1. Puis regardez les 2 premieres cartes de votre deck. Vous pouvez en mettre 1 sous votre deck.","If this is your only Extra, you may Peel 1. Then look at the top 2 cards of your deck. You may put 1 on the bottom of your deck.",2,2,Japonais,Japanese
Margherita Pizza,,Margherita Pizza,3,#D6A23A,https://raw.githubusercontent.com/MaximeBastion/dish-deckbuilder/develop/assets/card-art/v1/margherita_pizza.png,Dish - Main,"Cheese, Tomato",During judging if you present another Cheese or Tomato dish this gets +1 Taste.,#FFF2B8,2,Italian,#3F8F45,,,,,,,,,,,,,,,,,,,,,,,DishDeckbuilder,fr,Pizza margherita,Margherita Pizza,Pizza margherita,Margherita Pizza,3,3,Plat - Principal,Dish - Main,"Fromage, Tomate","Cheese, Tomato",Au jugement si vous presentez un autre plat Fromage ou Tomate ce plat gagne +1 Gout.,During judging if you present another Cheese or Tomato dish this gets +1 Taste.,2,2,Italien,Italian
Spaghetti Bolognese,,Spaghetti Bolognese,3,#D6A23A,https://raw.githubusercontent.com/MaximeBastion/dish-deckbuilder/develop/assets/card-art/v1/spaghetti_bolognese.png,Dish - Main,Tomato,If the Judge does not favor you this gets +2 Taste.,#FFF2B8,2,Italian,#3F8F45,,,,,,,,,,,,,,,,,,,,,,,DishDeckbuilder,fr,Spaghetti bolo,Spaghetti Bolognese,Spaghetti bolo,Spaghetti Bolognese,3,3,Plat - Principal,Dish - Main,Tomate,Tomato,Si le Juge ne vous favorise pas ce plat gagne +2 Gout.,If the Judge does not favor you this gets +2 Taste.,2,2,Italien,Italian
Caprese,,Caprese,3,#D6A23A,https://raw.githubusercontent.com/MaximeBastion/dish-deckbuilder/develop/assets/card-art/v1/caprese.png,Dish - Appetizer,"Cheese, Tomato",During judging if you present a Main gain +1 Favor.,#FFF2B8,2,Italian,#3F8F45,,,,,,,,,,,,,,,,,,,,,,,DishDeckbuilder,fr,Caprese,Caprese,Caprese,Caprese,3,3,Plat - Entree,Dish - Appetizer,"Fromage, Tomate","Cheese, Tomato",Au jugement si vous presentez un Plat gagnez +1 Faveur.,During judging if you present a Main gain +1 Favor.,2,2,Italien,Italian
Risotto,,Risotto,4,#D6A23A,https://raw.githubusercontent.com/MaximeBastion/dish-deckbuilder/develop/assets/card-art/v1/risotto.png,Dish - Main,"Cheese, Rice",During judging if you present another Rice or Cheese dish gain +1 Favor.,#FFF2B8,3,Italian,#3F8F45,,,,,,,,,,,,,,,,,,,,,,,DishDeckbuilder,fr,Risotto,Risotto,Risotto,Risotto,4,4,Plat - Principal,Dish - Main,"Fromage, Riz","Cheese, Rice",Au jugement si vous presentez un autre plat Riz ou Fromage gagnez +1 Faveur.,During judging if you present another Rice or Cheese dish gain +1 Favor.,3,3,Italien,Italian
Tiramisu,,Tiramisu,3,#D6A23A,https://raw.githubusercontent.com/MaximeBastion/dish-deckbuilder/develop/assets/card-art/v1/tiramisu.png,Dish - Dessert,,If the Judge does not favor you gain +2 Favor.,#FFF2B8,2,Italian,#3F8F45,,,,,,,,,,,,,,,,,,,,,,,DishDeckbuilder,fr,Tiramisu,Tiramisu,Tiramisu,Tiramisu,3,3,Plat - Dessert,Dish - Dessert,,,Si le Juge ne vous favorise pas gagnez +2 Faveur.,If the Judge does not favor you gain +2 Favor.,2,2,Italien,Italian
Arancini,,Arancini,3,#D6A23A,https://raw.githubusercontent.com/MaximeBastion/dish-deckbuilder/develop/assets/card-art/v1/arancini.png,Dish - Appetizer,"Cheese, Rice",During judging if you present another Rice dish gain +1 Favor.,#FFF2B8,2,Italian,#3F8F45,,,,,,,,,,,,,,,,,,,,,,,DishDeckbuilder,fr,Arancini,Arancini,Arancini,Arancini,3,3,Plat - Entree,Dish - Appetizer,"Fromage, Riz","Cheese, Rice",Au jugement si vous presentez un autre plat Riz gagnez +1 Faveur.,During judging if you present another Rice dish gain +1 Favor.,2,2,Italien,Italian
Ghost Pepper Wings,,Ghost Pepper Wings,3,#D6A23A,https://raw.githubusercontent.com/MaximeBastion/dish-deckbuilder/develop/assets/card-art/v1/ghost_pepper_wings.png,Dish - Main,"Meat, Fried","When you present this, Scorch 3.",#FFF2B8,6,American,#C44736,,,,,,,,,,,,,,,,,,,,,,,DishDeckbuilder,fr,Ailes au piment fantome,Ghost Pepper Wings,Ailes au piment fantome,Ghost Pepper Wings,3,3,Plat - Principal,Dish - Main,"Viande, Friture","Meat, Fried","Quand vous presentez ce plat, Carbonisez 3.","When you present this, Scorch 3.",6,6,Americain,American
Wasabi Challenge,,Wasabi Challenge,2,#D6A23A,https://raw.githubusercontent.com/MaximeBastion/dish-deckbuilder/develop/assets/card-art/v1/wasabi_challenge.png,Dish - Appetizer,Seafood,"When you present this, Scorch 2. If you Scorched a Status this way, gain 1 Favor.",#FFF2B8,4,Japanese,#2F7D6D,,,,,,,,,,,,,,,,,,,,,,,DishDeckbuilder,fr,Defi wasabi,Wasabi Challenge,Defi wasabi,Wasabi Challenge,2,2,Plat - Entree,Dish - Appetizer,Fruits de mer,Seafood,"Quand vous presentez ce plat, Carbonisez 2. Si vous avez Carbonise un Statut ainsi, gagnez 1 Faveur.","When you present this, Scorch 2. If you Scorched a Status this way, gain 1 Favor.",4,4,Japonais,Japanese
Side Salad,,Side Salad,2,#D6A23A,https://raw.githubusercontent.com/MaximeBastion/dish-deckbuilder/develop/assets/card-art/v1/side_salad.png,Dish - Flexible,,"When you present this, choose which course it counts as.",#FFF2B8,1,Neutral,#7A7A72,,,,,,,,,,,,,,,,,,,,,,,DishDeckbuilder,fr,Salade d'accompagnement,Side Salad,Salade d'accompagnement,Side Salad,2,2,Plat - Flexible,Dish - Flexible,,,"Quand vous presentez ce plat, choisissez pour quel service il compte.","When you present this, choose which course it counts as.",1,1,Neutre,Neutral
Tasting Menu,,Tasting Menu,4,#D6A23A,https://raw.githubusercontent.com/MaximeBastion/dish-deckbuilder/develop/assets/card-art/v1/tasting_menu.png,Dish - Flexible,,"When you present this, choose which course it counts as. If it completes all 3 core courses, gain 1 Time.",#FFF2B8,2,Neutral,#7A7A72,,,,,,,,,,,,,,,,,,,,,,,DishDeckbuilder,fr,Menu degustation,Tasting Menu,Menu degustation,Tasting Menu,4,4,Plat - Flexible,Dish - Flexible,,,"Quand vous presentez ce plat, choisissez pour quel service il compte. S'il complete les 3 services de base, gagnez 1 Temps.","When you present this, choose which course it counts as. If it completes all 3 core courses, gain 1 Time.",2,2,Neutre,Neutral
Knife Skills,,Knife Skills,3,#D6A23A,https://raw.githubusercontent.com/MaximeBastion/dish-deckbuilder/develop/assets/card-art/v1/knife_skills.png,Technique,,Upgrade a starter card by up to 2.,#00000000,,Neutral,#7A7A72,,,,,,,,,,,,,,,,,,,,,,,DishDeckbuilder,fr,Coup de couteau,Knife Skills,Coup de couteau,Knife Skills,3,3,Technique,Technique,,,Ameliorez une carte de depart de jusqu'a 2.,Upgrade a starter card by up to 2.,,,Neutre,Neutral
Clean Station,,Clean Station,3,#D6A23A,https://raw.githubusercontent.com/MaximeBastion/dish-deckbuilder/develop/assets/card-art/v1/clean_station.png,Technique,,"Peel up to 2 starter cards. If you peeled no cards this way, Peel Clean Station.",#00000000,,Neutral,#7A7A72,,,,,,,,,,,,,,,,,,,,,,,DishDeckbuilder,fr,Plan de travail propre,Clean Station,Plan de travail propre,Clean Station,3,3,Technique,Technique,,,"Epluchez jusqu'a 2 cartes de depart. Si vous n'en avez Epluche aucune ainsi, Epluchez Plan de travail propre.","Peel up to 2 starter cards. If you peeled no cards this way, Peel Clean Station.",,,Neutre,Neutral
Taste Test,,Taste Test,2,#D6A23A,https://raw.githubusercontent.com/MaximeBastion/dish-deckbuilder/develop/assets/card-art/v1/taste_test.png,Technique,,Draw 3 then discard 1. You may Peel a starter or Status from your discard pile.,#00000000,,Neutral,#7A7A72,,,,,,,,,,,,,,,,,,,,,,,DishDeckbuilder,fr,Degustation,Taste Test,Degustation,Taste Test,2,2,Technique,Technique,,,Piochez 3 puis defaussez 1. Vous pouvez Eplucher une carte de depart ou un Statut de votre defausse.,Draw 3 then discard 1. You may Peel a starter or Status from your discard pile.,,,Neutre,Neutral
Heckle,,Heckle,5,#D6A23A,https://raw.githubusercontent.com/MaximeBastion/dish-deckbuilder/develop/assets/card-art/v1/heckle.png,Technique,,"Each opponent gains a Distraction. If there is only one opponent, they gain 2 Distractions instead.",#00000000,,Neutral,#7A7A72,,,,,,,,,,,,,,,,,,,,,,,DishDeckbuilder,fr,Provocation,Heckle,Provocation,Heckle,5,5,Technique,Technique,,,"Chaque adversaire gagne une Distraction. S'il n'y a qu'un adversaire, il gagne 2 Distractions a la place.","Each opponent gains a Distraction. If there is only one opponent, they gain 2 Distractions instead.",,,Neutre,Neutral
Perfect,,Perfect,4,#D6A23A,https://raw.githubusercontent.com/MaximeBastion/dish-deckbuilder/develop/assets/card-art/v1/perfect.png,Technique,,Choose a Dish. Double its Taste this turn.,#00000000,,French,#2F5DA8,,,,,,,,,,,,,,,,,,,,,,,DishDeckbuilder,fr,Parfait,Perfect,Parfait,Perfect,4,4,Technique,Technique,,,Choisissez un plat. Doublez son Gout ce tour-ci.,Choose a Dish. Double its Taste this turn.,,,Francais,French
Mock,,Mock,3,#D6A23A,https://raw.githubusercontent.com/MaximeBastion/dish-deckbuilder/develop/assets/card-art/v1/mock.png,Reaction,,Choose an opponent's highest-Taste presented dish. It gets -2 Taste this turn. Draw 1.,#00000000,,French,#2F5DA8,,,,,,,,,,,,,,,,,,,,,,,DishDeckbuilder,fr,Moquerie,Mock,Moquerie,Mock,3,3,Reaction,Reaction,,,Choisissez le plat presente avec le plus de Gout chez un adversaire. Il gagne -2 Gout ce tour-ci. Piochez 1.,Choose an opponent's highest-Taste presented dish. It gets -2 Taste this turn. Draw 1.,,,Francais,French
Drown in Butter,,Drown in Butter,3,#D6A23A,https://raw.githubusercontent.com/MaximeBastion/dish-deckbuilder/develop/assets/card-art/v1/drown_in_butter.png,Reaction,,Choose an opponent's presented dish. If it is not French it gets -3 Taste this turn and its owner gains Food Coma.,#00000000,,French,#2F5DA8,,,,,,,,,,,,,,,,,,,,,,,DishDeckbuilder,fr,Noyer dans le beurre,Drown in Butter,Noyer dans le beurre,Drown in Butter,3,3,Reaction,Reaction,,,Choisissez un plat adverse presente. S'il n'est pas Francais il gagne -3 Gout ce tour-ci et son proprietaire gagne Coma alimentaire.,Choose an opponent's presented dish. If it is not French it gets -3 Taste this turn and its owner gains Food Coma.,,,Francais,French
Mine Is Better,,Mine Is Better,4,#D6A23A,https://raw.githubusercontent.com/MaximeBastion/dish-deckbuilder/develop/assets/card-art/v1/mine_is_better.png,Reaction,,Reveal a Dish from your hand. If it has more Taste than an opponent's presented dish that dish gets -3 Taste this turn.,#00000000,,French,#2F5DA8,,,,,,,,,,,,,,,,,,,,,,,DishDeckbuilder,fr,Le mien est meilleur,Mine Is Better,Le mien est meilleur,Mine Is Better,4,4,Reaction,Reaction,,,Revelez un plat de votre main. S'il a plus de Gout qu'un plat adverse presente ce plat gagne -3 Gout ce tour-ci.,Reveal a Dish from your hand. If it has more Taste than an opponent's presented dish that dish gets -3 Taste this turn.,,,Francais,French
Bon Appetit!,,Bon Appetit!,3,#D6A23A,https://raw.githubusercontent.com/MaximeBastion/dish-deckbuilder/develop/assets/card-art/v1/bon_appetit.png,Technique,,Draw 1. During judging if one of your dishes has 5 or more Taste gain +2 Favor.,#00000000,,French,#2F5DA8,,,,,,,,,,,,,,,,,,,,,,,DishDeckbuilder,fr,Bon appetit!,Bon Appetit!,Bon appetit!,Bon Appetit!,3,3,Technique,Technique,,,Piochez 1. Au jugement si l'un de vos plats a au moins 5 Gout gagnez +2 Faveur.,Draw 1. During judging if one of your dishes has 5 or more Taste gain +2 Favor.,,,Francais,French
Supersize Me!,,Supersize Me!,5,#D6A23A,https://raw.githubusercontent.com/MaximeBastion/dish-deckbuilder/develop/assets/card-art/v1/supersize_me.png,Technique,,During judging copy one of your dishes as an additional presented dish.,#00000000,,American,#C44736,,,,,,,,,,,,,,,,,,,,,,,DishDeckbuilder,fr,Supersize Me!,Supersize Me!,Supersize Me!,Supersize Me!,5,5,Technique,Technique,,,Au jugement copiez l'un de vos plats comme plat presente supplementaire.,During judging copy one of your dishes as an additional presented dish.,,,Americain,American
More Meat!,,More Meat!,3,#D6A23A,https://raw.githubusercontent.com/MaximeBastion/dish-deckbuilder/develop/assets/card-art/v1/more_meat.png,Technique,Meat,Your Meat dishes get +1 Taste this turn. During judging if you present at least 2 Meat dishes gain +2 Favor.,#00000000,,American,#C44736,,,,,,,,,,,,,,,,,,,,,,,DishDeckbuilder,fr,Plus de viande!,More Meat!,Plus de viande!,More Meat!,3,3,Technique,Technique,Viande,Meat,Vos plats Viande gagnent +1 Gout ce tour-ci. Au jugement si vous presentez au moins 2 plats Viande gagnez +2 Faveur.,Your Meat dishes get +1 Taste this turn. During judging if you present at least 2 Meat dishes gain +2 Favor.,,,Americain,American
Deep Fry,,Deep Fry,3,#D6A23A,https://raw.githubusercontent.com/MaximeBastion/dish-deckbuilder/develop/assets/card-art/v1/deep_fry.png,Technique,Fried,Choose a Dish. It becomes Fried this turn and gets +2 Taste.,#00000000,,American,#C44736,,,,,,,,,,,,,,,,,,,,,,,DishDeckbuilder,fr,Frire,Deep Fry,Frire,Deep Fry,3,3,Technique,Technique,Friture,Fried,Choisissez un plat. Il devient Friture ce tour-ci et gagne +2 Gout.,Choose a Dish. It becomes Fried this turn and gets +2 Taste.,,,Americain,American
Party,,Party,3,#D6A23A,https://raw.githubusercontent.com/MaximeBastion/dish-deckbuilder/develop/assets/card-art/v1/party.png,Technique,,Draw 1 and gain 1 Time. During judging if you present at least 3 dishes gain +2 Favor.,#00000000,,American,#C44736,,,,,,,,,,,,,,,,,,,,,,,DishDeckbuilder,fr,Fete,Party,Fete,Party,3,3,Technique,Technique,,,Piochez 1 et gagnez 1 Temps. Au jugement si vous presentez au moins 3 plats gagnez +2 Faveur.,Draw 1 and gain 1 Time. During judging if you present at least 3 dishes gain +2 Favor.,,,Americain,American
Ketchup Me That,,Ketchup Me That,2,#D6A23A,https://raw.githubusercontent.com/MaximeBastion/dish-deckbuilder/develop/assets/card-art/v1/ketchup_me_that.png,Technique,"Meat, Fried",Choose a Meat or Fried dish. It gets +2 Taste.,#00000000,,American,#C44736,,,,,,,,,,,,,,,,,,,,,,,DishDeckbuilder,fr,Passe le ketchup,Ketchup Me That,Passe le ketchup,Ketchup Me That,2,2,Technique,Technique,"Viande, Friture","Meat, Fried",Choisissez un plat Viande ou Friture. Il gagne +2 Gout.,Choose a Meat or Fried dish. It gets +2 Taste.,,,Americain,American
Appropriate,,Appropriate,6,#D6A23A,https://raw.githubusercontent.com/MaximeBastion/dish-deckbuilder/develop/assets/card-art/v1/appropriate.png,Reaction,,"Choose an opponent's presented dish. After that opponent scores, steal that dish and add it to your discard pile. Peel Appropriate.",#00000000,,American,#C44736,,,,,,,,,,,,,,,,,,,,,,,DishDeckbuilder,fr,Appropriation,Appropriate,Appropriation,Appropriate,6,6,Reaction,Reaction,,,"Choisissez un plat presente d'un adversaire. Apres le score de cet adversaire, volez ce plat et ajoutez-le a votre defausse. Epluchez Appropriation.","Choose an opponent's presented dish. After that opponent scores, steal that dish and add it to your discard pile. Peel Appropriate.",,,Americain,American
Purify,,Purify,2,#D6A23A,https://raw.githubusercontent.com/MaximeBastion/dish-deckbuilder/develop/assets/card-art/v1/purify.png,Technique,,"Peel up to 2 cards. If you Peel a Status this way, draw 1.",#00000000,,Japanese,#2F7D6D,,,,,,,,,,,,,,,,,,,,,,,DishDeckbuilder,fr,Purifier,Purify,Purifier,Purify,2,2,Technique,Technique,,,"Epluchez jusqu'a 2 cartes. Si vous Epluchez un Statut ainsi, piochez 1.","Peel up to 2 cards. If you Peel a Status this way, draw 1.",,,Japonais,Japanese
Order,,Order,2,#D6A23A,https://raw.githubusercontent.com/MaximeBastion/dish-deckbuilder/develop/assets/card-art/v1/order.png,Technique,,Look at the top 5 cards of your deck. Put 2 into your hand and the rest on the bottom of your deck in any order.,#00000000,,Japanese,#2F7D6D,,,,,,,,,,,,,,,,,,,,,,,DishDeckbuilder,fr,Ordre,Order,Ordre,Order,2,2,Technique,Technique,,,Regardez les 5 premieres cartes de votre deck. Mettez-en 2 dans votre main et le reste sous votre deck dans l'ordre de votre choix.,Look at the top 5 cards of your deck. Put 2 into your hand and the rest on the bottom of your deck in any order.,,,Japonais,Japanese
Omakase,,Omakase,5,#D6A23A,https://raw.githubusercontent.com/MaximeBastion/dish-deckbuilder/develop/assets/card-art/v1/omakase.png,Technique,,Reveal cards from your deck until you reveal a Dish. Present it. If it completes all 3 core courses gain +2 Favor.,#00000000,,Japanese,#2F7D6D,,,,,,,,,,,,,,,,,,,,,,,DishDeckbuilder,fr,Omakase,Omakase,Omakase,Omakase,5,5,Technique,Technique,,,Revelez des cartes de votre deck jusqu'a reveler un plat. Presentez-le. S'il complete les 3 plats de base gagnez +2 Faveur.,Reveal cards from your deck until you reveal a Dish. Present it. If it completes all 3 core courses gain +2 Favor.,,,Japonais,Japanese
Less Is More,,Less Is More,3,#D6A23A,https://raw.githubusercontent.com/MaximeBastion/dish-deckbuilder/develop/assets/card-art/v1/less_is_more.png,Technique,,During judging if you present exactly Appetizer Main and Dessert with no duplicate core course gain +5 Favor.,#00000000,,Japanese,#2F7D6D,,,,,,,,,,,,,,,,,,,,,,,DishDeckbuilder,fr,Less is more,Less Is More,Less is more,Less Is More,3,3,Technique,Technique,,,Au jugement si vous presentez exactement Entree Plat et Dessert sans doublon de plat de base gagnez +5 Faveur.,During judging if you present exactly Appetizer Main and Dessert with no duplicate core course gain +5 Favor.,,,Japonais,Japanese
Wasabi Attack,,Wasabi Attack,4,#D6A23A,https://raw.githubusercontent.com/MaximeBastion/dish-deckbuilder/develop/assets/card-art/v1/wasabi_attack.png,Reaction,Seafood,Choose an opponent's dish. It gets -1 Taste. If it is not Seafood it gets -3 Taste instead. Its owner Peels the top card of their deck.,#00000000,,Japanese,#2F7D6D,,,,,,,,,,,,,,,,,,,,,,,DishDeckbuilder,fr,Attaque wasabi,Wasabi Attack,Attaque wasabi,Wasabi Attack,4,4,Reaction,Reaction,Fruits de mer,Seafood,Choisissez un plat d'un adversaire. Il gagne -1 Gout. S'il n'est pas Fruits de mer il gagne -3 Gout a la place. Son proprietaire Epluche la carte du dessus de son deck.,Choose an opponent's dish. It gets -1 Taste. If it is not Seafood it gets -3 Taste instead. Its owner Peels the top card of their deck.,,,Japonais,Japanese
"Mangia, Mangia!",,"Mangia, Mangia!",2,#D6A23A,https://raw.githubusercontent.com/MaximeBastion/dish-deckbuilder/develop/assets/card-art/v1/mangia_mangia.png,Technique,,"Draw 1. If the Judge does not favor you, draw 2 and gain 1 Time instead.",#00000000,,Italian,#3F8F45,,,,,,,,,,,,,,,,,,,,,,,DishDeckbuilder,fr,"Mangia, Mangia!","Mangia, Mangia!","Mangia, Mangia!","Mangia, Mangia!",2,2,Technique,Technique,,,"Piochez 1. Si le Juge ne vous favorise pas, piochez 2 et gagnez 1 Temps a la place.","Draw 1. If the Judge does not favor you, draw 2 and gain 1 Time instead.",,,Italien,Italian
Mamma Mia!,,Mamma Mia!,3,#D6A23A,https://raw.githubusercontent.com/MaximeBastion/dish-deckbuilder/develop/assets/card-art/v1/mamma_mia.png,Technique,,"Reveal cards from your deck until you reveal a Dish. Put it into your hand, then draw 1. If the Judge does not favor you, you may present that Dish this turn.",#00000000,,Italian,#3F8F45,,,,,,,,,,,,,,,,,,,,,,,DishDeckbuilder,fr,Mamma Mia!,Mamma Mia!,Mamma Mia!,Mamma Mia!,3,3,Technique,Technique,,,"Revelez des cartes de votre deck jusqu'a reveler un Plat. Mettez-le dans votre main, puis piochez 1. Si le Juge ne vous favorise pas, vous pouvez presenter ce Plat ce tour-ci.","Reveal cards from your deck until you reveal a Dish. Put it into your hand, then draw 1. If the Judge does not favor you, you may present that Dish this turn.",,,Italien,Italian
Secondo,,Secondo,6,#D6A23A,https://raw.githubusercontent.com/MaximeBastion/dish-deckbuilder/develop/assets/card-art/v1/secondo.png,Technique,,During judging score one Main a second time.,#00000000,,Italian,#3F8F45,,,,,,,,,,,,,,,,,,,,,,,DishDeckbuilder,fr,Secondo,Secondo,Secondo,Secondo,6,6,Technique,Technique,,,Au jugement scorez une deuxieme fois un Plat.,During judging score one Main a second time.,,,Italien,Italian
Breaking Spaghetti Is A Crime,,Breaking Spaghetti Is A Crime,4,#D6A23A,https://raw.githubusercontent.com/MaximeBastion/dish-deckbuilder/develop/assets/card-art/v1/breaking_spaghetti_is_a_crime.png,Reaction,,Each opponent who modified a dish this turn gains Shame. Choose one modified dish; it gets -2 Taste.,#00000000,,Italian,#3F8F45,,,,,,,,,,,,,,,,,,,,,,,DishDeckbuilder,fr,Casser les spaghetti est un crime,Breaking Spaghetti Is A Crime,Casser les spaghetti est un crime,Breaking Spaghetti Is A Crime,4,4,Reaction,Reaction,,,Chaque adversaire qui a modifie un plat ce tour-ci gagne Honte. Choisissez un plat modifie; il gagne -2 Gout.,Each opponent who modified a dish this turn gains Shame. Choose one modified dish; it gets -2 Taste.,,,Italien,Italian
More Olive Oil!,,More Olive Oil!,3,#D6A23A,https://raw.githubusercontent.com/MaximeBastion/dish-deckbuilder/develop/assets/card-art/v1/more_olive_oil.png,Technique,"Tomato, Cheese","Choose a Tomato or Cheese dish. It gets +2 Taste. If the Judge does not favor you, it gets +3 Taste instead.",#00000000,,Italian,#3F8F45,,,,,,,,,,,,,,,,,,,,,,,DishDeckbuilder,fr,Plus d'huile d'olive!,More Olive Oil!,Plus d'huile d'olive!,More Olive Oil!,3,3,Technique,Technique,"Tomate, Fromage","Tomato, Cheese","Choisissez un plat Tomate ou Fromage. Il gagne +2 Gout. Si le Juge ne vous favorise pas, il gagne +3 Gout a la place.","Choose a Tomato or Cheese dish. It gets +2 Taste. If the Judge does not favor you, it gets +3 Taste instead.",,,Italien,Italian
More Parmigiano!,,More Parmigiano!,2,#D6A23A,https://raw.githubusercontent.com/MaximeBastion/dish-deckbuilder/develop/assets/card-art/v1/more_parmigiano.png,Technique,"Cheese, Tomato",Choose a Main. It gets +2 Taste. If it is Cheese or Tomato it gets +3 Taste instead.,#00000000,,Italian,#3F8F45,,,,,,,,,,,,,,,,,,,,,,,DishDeckbuilder,fr,Plus de parmigiano!,More Parmigiano!,Plus de parmigiano!,More Parmigiano!,2,2,Technique,Technique,"Fromage, Tomate","Cheese, Tomato",Choisissez un Plat. Il gagne +2 Gout. Si c'est Fromage ou Tomate il gagne +3 Gout a la place.,Choose a Main. It gets +2 Taste. If it is Cheese or Tomato it gets +3 Taste instead.,,,Italien,Italian
Market Research Focus Group,,Market Research Focus Group,2,#D6A23A,https://raw.githubusercontent.com/MaximeBastion/dish-deckbuilder/develop/assets/card-art/v1/market_research_focus_group.png,Technique,,Rotate up to 3 cards in the market. Draw 1. Gain 1 Time.,#00000000,,Neutral,#7A7A72,,,,,,,,,,,,,,,,,,,,,,,DishDeckbuilder,fr,Groupe de consommateurs,Market Research Focus Group,Groupe de consommateurs,Market Research Focus Group,2,2,Technique,Technique,,,Renouvelez jusqu'a 3 cartes du marche. Piochez 1. Gagnez 1 Temps.,Rotate up to 3 cards in the market. Draw 1. Gain 1 Time.,,,Neutre,Neutral
Yelp Bomb,,Yelp Bomb,3,#D6A23A,https://raw.githubusercontent.com/MaximeBastion/dish-deckbuilder/develop/assets/card-art/v1/yelp_bomb.png,Reaction,,Choose an opponent. They gain a Yelp Review. Draw 1.,#00000000,,Neutral,#7A7A72,,,,,,,,,,,,,,,,,,,,,,,DishDeckbuilder,fr,Bombardement Yelp,Yelp Bomb,Bombardement Yelp,Yelp Bomb,3,3,Reaction,Reaction,,,Choisissez un adversaire. Il gagne Avis Yelp. Piochez 1.,Choose an opponent. They gain a Yelp Review. Draw 1.,,,Neutre,Neutral
Health Inspector Raid,,Health Inspector Raid,4,#D6A23A,https://raw.githubusercontent.com/MaximeBastion/dish-deckbuilder/develop/assets/card-art/v1/health_inspector_raid.png,Technique,,Each opponent gains a Health Inspection. Rotate the whole market.,#00000000,,Neutral,#7A7A72,,,,,,,,,,,,,,,,,,,,,,,DishDeckbuilder,fr,Descente de l'inspection sanitaire,Health Inspector Raid,Descente de l'inspection sanitaire,Health Inspector Raid,4,4,Technique,Technique,,,Chaque adversaire gagne Inspection sanitaire. Renouvelez tout le marche.,Each opponent gains a Health Inspection. Rotate the whole market.,,,Neutre,Neutral
We're Gonna Build A Wall,,We're Gonna Build A Wall,4,#D6A23A,https://raw.githubusercontent.com/MaximeBastion/dish-deckbuilder/develop/assets/card-art/v1/were_gonna_build_a_wall.png,Technique,,"Each opponent gains a Health Inspection. Until your next turn, opponents cannot steal your dishes. If any opponent has more Favor than you, gain 1 Time.",#00000000,,American,#C44736,,,,,,,,,,,,,,,,,,,,,,,DishDeckbuilder,fr,On va construire un mur,We're Gonna Build A Wall,On va construire un mur,We're Gonna Build A Wall,4,4,Technique,Technique,,,"Chaque adversaire gagne Inspection sanitaire. Jusqu'a votre prochain tour, les adversaires ne peuvent pas voler vos plats. Si un adversaire a plus de Faveur que vous, gagnez 1 Temps.","Each opponent gains a Health Inspection. Until your next turn, opponents cannot steal your dishes. If any opponent has more Favor than you, gain 1 Time.",,,Americain,American
Freedom Isn't Free Refills,,Freedom Isn't Free Refills,3,#D6A23A,https://raw.githubusercontent.com/MaximeBastion/dish-deckbuilder/develop/assets/card-art/v1/freedom_isnt_free_refills.png,Technique,,Gain 2 Time. Each opponent gains Food Coma. During judging if you present an Extra gain +1 Favor.,#00000000,,American,#C44736,,,,,,,,,,,,,,,,,,,,,,,DishDeckbuilder,fr,Les refills de la liberte ne sont pas gratuits,Freedom Isn't Free Refills,Les refills de la liberte ne sont pas gratuits,Freedom Isn't Free Refills,3,3,Technique,Technique,,,Gagnez 2 Temps. Chaque adversaire gagne Coma alimentaire. Au jugement si vous presentez un Extra gagnez +1 Faveur.,Gain 2 Time. Each opponent gains Food Coma. During judging if you present an Extra gain +1 Favor.,,,Americain,American
Mandatory Lunch Strike,,Mandatory Lunch Strike,3,#D6A23A,https://raw.githubusercontent.com/MaximeBastion/dish-deckbuilder/develop/assets/card-art/v1/mandatory_lunch_strike.png,Technique,,Each opponent gains Strike. You may Peel a starter card.,#00000000,,French,#2F5DA8,,,,,,,,,,,,,,,,,,,,,,,DishDeckbuilder,fr,Greve du dejeuner obligatoire,Mandatory Lunch Strike,Greve du dejeuner obligatoire,Mandatory Lunch Strike,3,3,Technique,Technique,,,Chaque adversaire gagne Greve. Vous pouvez Eplucher une carte de depart.,Each opponent gains Strike. You may Peel a starter card.,,,Francais,French
You Call That Sushi?,,You Call That Sushi?,3,#D6A23A,https://raw.githubusercontent.com/MaximeBastion/dish-deckbuilder/develop/assets/card-art/v1/you_call_that_sushi.png,Reaction,,"Each opponent Peels the top card of their deck. For each Status Peeled this way, draw 1.",#00000000,,Japanese,#2F7D6D,,,,,,,,,,,,,,,,,,,,,,,DishDeckbuilder,fr,Vous appelez ca des sushis ?,You Call That Sushi?,Vous appelez ca des sushis ?,You Call That Sushi?,3,3,Reaction,Reaction,,,"Chaque adversaire Epluche la carte du dessus de son deck. Pour chaque Statut Epluche ainsi, piochez 1.","Each opponent Peels the top card of their deck. For each Status Peeled this way, draw 1.",,,Japonais,Japanese
Nonna Says No,,Nonna Says No,3,#D6A23A,https://raw.githubusercontent.com/MaximeBastion/dish-deckbuilder/develop/assets/card-art/v1/nonna_says_no.png,Reaction,,Cancel one Taste reduction or opponent modifier on one of your dishes. That opponent gains Shame.,#00000000,,Italian,#3F8F45,,,,,,,,,,,,,,,,,,,,,,,DishDeckbuilder,fr,Nonna dit non,Nonna Says No,Nonna dit non,Nonna Says No,3,3,Reaction,Reaction,,,Annulez une reduction de Gout ou un modificateur adverse sur un de vos plats. Cet adversaire gagne Honte.,Cancel one Taste reduction or opponent modifier on one of your dishes. That opponent gains Shame.,,,Italien,Italian
Pineapple Tribunal,,Pineapple Tribunal,4,#D6A23A,https://raw.githubusercontent.com/MaximeBastion/dish-deckbuilder/develop/assets/card-art/v1/pineapple_tribunal.png,Technique,"Tomato, Cheese","Each opponent who presented or modified a Tomato or Cheese dish this turn gains Shame. If any of those dishes is American, its owner also gains a Distraction.",#00000000,,Italian,#3F8F45,,,,,,,,,,,,,,,,,,,,,,,DishDeckbuilder,fr,Tribunal de l'ananas,Pineapple Tribunal,Tribunal de l'ananas,Pineapple Tribunal,4,4,Technique,Technique,"Tomate, Fromage","Tomato, Cheese","Chaque adversaire qui a presente ou modifie un plat Tomate ou Fromage ce tour-ci gagne Honte. Si l'un de ces plats est Americain, son proprietaire gagne aussi une Distraction.","Each opponent who presented or modified a Tomato or Cheese dish this turn gains Shame. If any of those dishes is American, its owner also gains a Distraction.",,,Italien,Italian
Pantry Raid,,Pantry Raid,3,#D6A23A,https://raw.githubusercontent.com/MaximeBastion/dish-deckbuilder/develop/assets/card-art/v1/pantry_raid.png,Technique,,"Draw 3 then discard 2. If you discarded a Status, gain 1 Time.",#00000000,,Neutral,#7A7A72,,,,,,,,,,,,,,,,,,,,,,,DishDeckbuilder,fr,Raid dans le garde-manger,Pantry Raid,Raid dans le garde-manger,Pantry Raid,3,3,Technique,Technique,,,"Piochez 3 puis defaussez 2. Si vous avez defausse un Statut, gagnez 1 Temps.","Draw 3 then discard 2. If you discarded a Status, gain 1 Time.",,,Neutre,Neutral
Mise En Place,,Mise En Place,3,#D6A23A,https://raw.githubusercontent.com/MaximeBastion/dish-deckbuilder/develop/assets/card-art/v1/mise_en_place.png,Technique,,Look at the top 6 cards of your deck. Put 2 into your hand and discard the rest.,#00000000,,Neutral,#7A7A72,,,,,,,,,,,,,,,,,,,,,,,DishDeckbuilder,fr,Mise en place,Mise En Place,Mise en place,Mise En Place,3,3,Technique,Technique,,,Regardez les 6 premieres cartes de votre deck. Mettez-en 2 dans votre main et defaussez le reste.,Look at the top 6 cards of your deck. Put 2 into your hand and discard the rest.,,,Neutre,Neutral
Doomscroll The Menu,,Doomscroll The Menu,2,#D6A23A,https://raw.githubusercontent.com/MaximeBastion/dish-deckbuilder/develop/assets/card-art/v1/doomscroll_the_menu.png,Technique,,Look at the top 4 cards of your deck. Put 1 into your hand and discard the rest. Gain a Distraction.,#00000000,,Neutral,#7A7A72,,,,,,,,,,,,,,,,,,,,,,,DishDeckbuilder,fr,Scroller le menu en panique,Doomscroll The Menu,Scroller le menu en panique,Doomscroll The Menu,2,2,Technique,Technique,,,Regardez les 4 premieres cartes de votre deck. Mettez-en 1 dans votre main et defaussez le reste. Gagnez une Distraction.,Look at the top 4 cards of your deck. Put 1 into your hand and discard the rest. Gain a Distraction.,,,Neutre,Neutral
Chef's Kiss,,Chef's Kiss,3,#D6A23A,https://raw.githubusercontent.com/MaximeBastion/dish-deckbuilder/develop/assets/card-art/v1/chefs_kiss.png,Technique,,Draw 2. Choose a Dish in your hand; it gets +1 Taste this turn.,#00000000,,French,#2F5DA8,,,,,,,,,,,,,,,,,,,,,,,DishDeckbuilder,fr,Baiser du chef,Chef's Kiss,Baiser du chef,Chef's Kiss,3,3,Technique,Technique,,,Piochez 2. Choisissez un Plat dans votre main; il gagne +1 Gout ce tour-ci.,Draw 2. Choose a Dish in your hand; it gets +1 Taste this turn.,,,Francais,French
Super Bowl Commercial Break,,Super Bowl Commercial Break,3,#D6A23A,https://raw.githubusercontent.com/MaximeBastion/dish-deckbuilder/develop/assets/card-art/v1/super_bowl_commercial_break.png,Technique,,Draw 2. Each opponent may draw 1; each who does gains Food Coma.,#00000000,,American,#C44736,,,,,,,,,,,,,,,,,,,,,,,DishDeckbuilder,fr,Pub du Super Bowl,Super Bowl Commercial Break,Pub du Super Bowl,Super Bowl Commercial Break,3,3,Technique,Technique,,,Piochez 2. Chaque adversaire peut piocher 1; chacun qui le fait gagne Coma alimentaire.,Draw 2. Each opponent may draw 1; each who does gains Food Coma.,,,Americain,American
Bento Box Planning,,Bento Box Planning,3,#D6A23A,https://raw.githubusercontent.com/MaximeBastion/dish-deckbuilder/develop/assets/card-art/v1/bento_box_planning.png,Technique,,Look at the top 4 cards of your deck. Put 1 into your hand. You may discard any Statuses among the rest. Put the rest on the bottom of your deck in any order.,#00000000,,Japanese,#2F7D6D,,,,,,,,,,,,,,,,,,,,,,,DishDeckbuilder,fr,Planification du bento,Bento Box Planning,Planification du bento,Bento Box Planning,3,3,Technique,Technique,,,Regardez les 4 premieres cartes de votre deck. Mettez-en 1 dans votre main. Vous pouvez defausser les Statuts parmi le reste. Mettez le reste sous votre deck dans l'ordre de votre choix.,Look at the top 4 cards of your deck. Put 1 into your hand. You may discard any Statuses among the rest. Put the rest on the bottom of your deck in any order.,,,Japonais,Japanese
Secret Family Recipe,,Secret Family Recipe,4,#D6A23A,https://raw.githubusercontent.com/MaximeBastion/dish-deckbuilder/develop/assets/card-art/v1/secret_family_recipe.png,Technique,"Tomato, Cheese","Put a Dish from your discard pile into your hand. Draw 1. If it is Tomato or Cheese, gain 1 Time.",#00000000,,Italian,#3F8F45,,,,,,,,,,,,,,,,,,,,,,,DishDeckbuilder,fr,Recette secrete de famille,Secret Family Recipe,Recette secrete de famille,Secret Family Recipe,4,4,Technique,Technique,"Tomate, Fromage","Tomato, Cheese","Mettez un Plat de votre defausse dans votre main. Piochez 1. S'il est Tomate ou Fromage, gagnez 1 Temps.","Put a Dish from your discard pile into your hand. Draw 1. If it is Tomato or Cheese, gain 1 Time.",,,Italien,Italian
Midnight Snack,,Midnight Snack,2,#D6A23A,https://raw.githubusercontent.com/MaximeBastion/dish-deckbuilder/develop/assets/card-art/v1/midnight_snack.png,Technique,,"Play a card from your Fridge. If it is a Dish, it gets +2 Taste this turn. Draw 1.",#00000000,,Neutral,#7A7A72,,,,,,,,,,,,,,,,,,,,,,,DishDeckbuilder,fr,Snack de minuit,Midnight Snack,Snack de minuit,Midnight Snack,2,2,Technique,Technique,,,"Jouez une carte de votre Frigo. Si c'est un Plat, il gagne +2 Gout ce tour-ci. Piochez 1.","Play a card from your Fridge. If it is a Dish, it gets +2 Taste this turn. Draw 1.",,,Neutre,Neutral
Fridge Raid,,Fridge Raid,3,#D6A23A,https://raw.githubusercontent.com/MaximeBastion/dish-deckbuilder/develop/assets/card-art/v1/fridge_raid.png,Technique,,"Look at an opponent's Fridge. You may discard that card. If you do, that opponent gains Food Coma.",#00000000,,American,#C44736,,,,,,,,,,,,,,,,,,,,,,,DishDeckbuilder,fr,Raid dans le frigo,Fridge Raid,Raid dans le frigo,Fridge Raid,3,3,Technique,Technique,,,"Regardez le Frigo d'un adversaire. Vous pouvez defausser cette carte. Si vous le faites, cet adversaire gagne Coma alimentaire.","Look at an opponent's Fridge. You may discard that card. If you do, that opponent gains Food Coma.",,,Americain,American
5 Stars,,5 Stars,7,#D6A23A,https://raw.githubusercontent.com/MaximeBastion/dish-deckbuilder/develop/assets/card-art/v1/five_stars.png,Passive,,During judging if one of your dishes has strictly more Taste than every opponent's dish gain +2 Favor.,#00000000,,French,#2F5DA8,,,,,,,,,,,,,,,,,,,,,,,DishDeckbuilder,fr,5 etoiles,5 Stars,5 etoiles,5 Stars,7,7,Passive,Passive,,,Au jugement si l'un de vos plats a strictement plus de Gout que chaque plat adverse gagnez +2 Faveur.,During judging if one of your dishes has strictly more Taste than every opponent's dish gain +2 Favor.,,,Francais,French
Bottomless Refills,,Bottomless Refills,5,#D6A23A,https://raw.githubusercontent.com/MaximeBastion/dish-deckbuilder/develop/assets/card-art/v1/bottomless_refills.png,Passive,,During judging if you present an Extra gain +2 Favor.,#00000000,,American,#C44736,,,,,,,,,,,,,,,,,,,,,,,DishDeckbuilder,fr,Refills a volonte,Bottomless Refills,Refills a volonte,Bottomless Refills,5,5,Passive,Passive,,,Au jugement si vous presentez un Extra gagnez +2 Faveur.,During judging if you present an Extra gain +2 Favor.,,,Americain,American
Conveyor Belt,,Conveyor Belt,5,#D6A23A,https://raw.githubusercontent.com/MaximeBastion/dish-deckbuilder/develop/assets/card-art/v1/conveyor_belt.png,Passive,,"At the start of your turn, before drawing, look at the top 5 cards of your deck. You may discard any Statuses among them. Put any number of the rest on the bottom of your deck and the rest on top in any order.",#00000000,,Japanese,#2F7D6D,,,,,,,,,,,,,,,,,,,,,,,DishDeckbuilder,fr,Tapis roulant,Conveyor Belt,Tapis roulant,Conveyor Belt,5,5,Passive,Passive,,,"Au debut de votre tour, avant de piocher, regardez les 5 premieres cartes de votre deck. Vous pouvez defausser les Statuts parmi elles. Mettez autant de cartes restantes que vous voulez sous votre deck et le reste dessus dans l'ordre de votre choix.","At the start of your turn, before drawing, look at the top 5 cards of your deck. You may discard any Statuses among them. Put any number of the rest on the bottom of your deck and the rest on top in any order.",,,Japonais,Japanese
Nonna's Table,,Nonna's Table,6,#D6A23A,https://raw.githubusercontent.com/MaximeBastion/dish-deckbuilder/develop/assets/card-art/v1/nonnas_table.png,Passive,,"The first time each turn you present 4 or more dishes gain +2 Favor. If the Judge does not favor you, gain +3 Favor instead.",#00000000,,Italian,#3F8F45,,,,,,,,,,,,,,,,,,,,,,,DishDeckbuilder,fr,Table de Nonna,Nonna's Table,Table de Nonna,Nonna's Table,6,6,Passive,Passive,,,"La premiere fois chaque tour que vous presentez au moins 4 plats gagnez +2 Faveur. Si le Juge ne vous favorise pas, gagnez +3 Faveur a la place.","The first time each turn you present 4 or more dishes gain +2 Favor. If the Judge does not favor you, gain +3 Favor instead.",,,Italien,Italian
Steakhouse,,Steakhouse,5,#D6A23A,https://raw.githubusercontent.com/MaximeBastion/dish-deckbuilder/develop/assets/card-art/v1/steakhouse.png,Passive,Meat,Your first Meat dish each turn gets +1 Taste. During judging if you present at least 2 Meat dishes gain +2 Favor.,#00000000,,French+American,#9A4D2E,,,,,,,,,,,,,,,,,,,,,,,DishDeckbuilder,fr,Steakhouse,Steakhouse,Steakhouse,Steakhouse,5,5,Passive,Passive,Viande,Meat,Votre premier plat Viande chaque tour gagne +1 Gout. Au jugement si vous presentez au moins 2 plats Viande gagnez +2 Faveur.,Your first Meat dish each turn gets +1 Taste. During judging if you present at least 2 Meat dishes gain +2 Favor.,,,Francais+Americain,French+American
Seafood Counter,,Seafood Counter,4,#D6A23A,https://raw.githubusercontent.com/MaximeBastion/dish-deckbuilder/develop/assets/card-art/v1/seafood_counter.png,Passive,Seafood,During judging if you present a Seafood dish gain +1 Favor and you may Peel 1.,#00000000,,French+Japanese,#1F8A9B,,,,,,,,,,,,,,,,,,,,,,,DishDeckbuilder,fr,Comptoir de la mer,Seafood Counter,Comptoir de la mer,Seafood Counter,4,4,Passive,Passive,Fruits de mer,Seafood,Au jugement si vous presentez un plat Fruits de mer gagnez +1 Faveur et vous pouvez Eplucher 1.,During judging if you present a Seafood dish gain +1 Favor and you may Peel 1.,,,Francais+Japonais,French+Japanese
Cheese Wheel,,Cheese Wheel,5,#D6A23A,https://raw.githubusercontent.com/MaximeBastion/dish-deckbuilder/develop/assets/card-art/v1/cheese_wheel.png,Passive,Cheese,Your Cheese dishes get +1 Taste.,#00000000,,French+Italian,#F2C14E,,,,,,,,,,,,,,,,,,,,,,,DishDeckbuilder,fr,Meule de fromage,Cheese Wheel,Meule de fromage,Cheese Wheel,5,5,Passive,Passive,Fromage,Cheese,Vos plats Fromage gagnent +1 Gout.,Your Cheese dishes get +1 Taste.,,,Francais+Italien,French+Italian
Fry Station,,Fry Station,4,#D6A23A,https://raw.githubusercontent.com/MaximeBastion/dish-deckbuilder/develop/assets/card-art/v1/fry_station.png,Passive,Fried,During judging if you present a Fried dish gain +2 Favor.,#00000000,,American+Japanese,#D9822B,,,,,,,,,,,,,,,,,,,,,,,DishDeckbuilder,fr,Station de friture,Fry Station,Station de friture,Fry Station,4,4,Passive,Passive,Friture,Fried,Au jugement si vous presentez un plat Friture gagnez +2 Faveur.,During judging if you present a Fried dish gain +2 Favor.,,,Americain+Japonais,American+Japanese
Red Sauce Empire,,Red Sauce Empire,4,#D6A23A,https://raw.githubusercontent.com/MaximeBastion/dish-deckbuilder/develop/assets/card-art/v1/red_sauce_empire.png,Passive,Tomato,Your Tomato dishes get +1 Taste and cost 1 less to learn.,#00000000,,American+Italian,#D6453D,,,,,,,,,,,,,,,,,,,,,,,DishDeckbuilder,fr,Empire de sauce rouge,Red Sauce Empire,Empire de sauce rouge,Red Sauce Empire,4,4,Passive,Passive,Tomate,Tomato,Vos plats Tomate gagnent +1 Gout et coutent 1 de moins a apprendre.,Your Tomato dishes get +1 Taste and cost 1 less to learn.,,,Americain+Italien,American+Italian
Rice Cooker,,Rice Cooker,4,#D6A23A,https://raw.githubusercontent.com/MaximeBastion/dish-deckbuilder/develop/assets/card-art/v1/rice_cooker.png,Passive,Rice,Rice dishes cost 1 less to learn. The first Rice dish you learn each turn goes on top of your deck even if it is not your first learned card.,#00000000,,Japanese+Italian,#E6D8B8,,,,,,,,,,,,,,,,,,,,,,,DishDeckbuilder,fr,Cuiseur a riz,Rice Cooker,Cuiseur a riz,Rice Cooker,4,4,Passive,Passive,Riz,Rice,Les plats Riz coutent 1 de moins a apprendre. Le premier plat Riz que vous apprenez chaque tour va au-dessus de votre deck meme si ce n'est pas votre premiere carte apprise.,Rice dishes cost 1 less to learn. The first Rice dish you learn each turn goes on top of your deck even if it is not your first learned card.,,,Japonais+Italien,Japanese+Italian
Burger Diplomacy,,Burger Diplomacy,6,#D6A23A,https://raw.githubusercontent.com/MaximeBastion/dish-deckbuilder/develop/assets/card-art/v1/burger_diplomacy.png,Passive,"Meat, Tomato","When you learn this, each opponent gains a Burger from the market deck or supply. Your Burgers get +2 Taste. Opponents' Burgers count as Statuses for your effects.",#00000000,,American,#C44736,,,,,,,,,,,,,,,,,,,,,,,DishDeckbuilder,fr,Diplomatie du burger,Burger Diplomacy,Diplomatie du burger,Burger Diplomacy,6,6,Passive,Passive,"Viande, Tomate","Meat, Tomato","Quand vous apprenez cette carte, chaque adversaire gagne un Burger depuis le deck de marche ou la reserve. Vos Burgers gagnent +2 Gout. Les Burgers adverses comptent comme des Statuts pour vos effets.","When you learn this, each opponent gains a Burger from the market deck or supply. Your Burgers get +2 Taste. Opponents' Burgers count as Statuses for your effects.",,,Americain,American
Bureaucratic Cheese Inspection,,Bureaucratic Cheese Inspection,6,#D6A23A,https://raw.githubusercontent.com/MaximeBastion/dish-deckbuilder/develop/assets/card-art/v1/bureaucratic_cheese_inspection.png,Passive,Cheese,"Whenever an opponent presents a dish with 5 or more Taste, they gain a Yelp Review. Your tagless dishes cost 1 more Time to learn.",#00000000,,French,#2F5DA8,,,,,,,,,,,,,,,,,,,,,,,DishDeckbuilder,fr,Inspection bureaucratique du fromage,Bureaucratic Cheese Inspection,Inspection bureaucratique du fromage,Bureaucratic Cheese Inspection,6,6,Passive,Passive,Fromage,Cheese,"Chaque fois qu'un adversaire presente un plat avec au moins 5 Gout, il gagne Avis Yelp. Vos plats sans tag coutent 1 Temps de plus a apprendre.","Whenever an opponent presents a dish with 5 or more Taste, they gain a Yelp Review. Your tagless dishes cost 1 more Time to learn.",,,Francais,French
Conveyor Belt Shogunate,,Conveyor Belt Shogunate,6,#D6A23A,https://raw.githubusercontent.com/MaximeBastion/dish-deckbuilder/develop/assets/card-art/v1/conveyor_belt_shogunate.png,Passive,,"At the start of your turn each player Peels the top card of their deck. If you Peel a Dish this way, you may present it this turn.",#00000000,,Japanese,#2F7D6D,,,,,,,,,,,,,,,,,,,,,,,DishDeckbuilder,fr,Shogunat du tapis roulant,Conveyor Belt Shogunate,Shogunat du tapis roulant,Conveyor Belt Shogunate,6,6,Passive,Passive,,,"Au debut de votre tour chaque joueur Epluche la carte du dessus de son deck. Si vous Epluchez un Plat ainsi, vous pouvez le presenter ce tour-ci.","At the start of your turn each player Peels the top card of their deck. If you Peel a Dish this way, you may present it this turn.",,,Japonais,Japanese
Nonna's Witness Protection,,Nonna's Witness Protection,6,#D6A23A,https://raw.githubusercontent.com/MaximeBastion/dish-deckbuilder/develop/assets/card-art/v1/nonnas_witness_protection.png,Passive,,"The first time each turn an opponent gives you a Status, give that opponent Shame. Whenever an opponent gains Shame, gain 1 Favor.",#00000000,,Italian,#3F8F45,,,,,,,,,,,,,,,,,,,,,,,DishDeckbuilder,fr,Protection des temoins de Nonna,Nonna's Witness Protection,Protection des temoins de Nonna,Nonna's Witness Protection,6,6,Passive,Passive,,,"La premiere fois chaque tour qu'un adversaire vous donne un Statut, donnez Honte a cet adversaire. Chaque fois qu'un adversaire gagne Honte, gagnez 1 Faveur.","The first time each turn an opponent gives you a Status, give that opponent Shame. Whenever an opponent gains Shame, gain 1 Favor.",,,Italien,Italian
Influencer Kitchen,,Influencer Kitchen,4,#D6A23A,https://raw.githubusercontent.com/MaximeBastion/dish-deckbuilder/develop/assets/card-art/v1/influencer_kitchen.png,Passive,,"Whenever you give a Status to an opponent, gain 1 Favor. At the start of your Fridge step, if you gave no Status this turn, gain a Distraction.",#00000000,,Neutral,#7A7A72,,,,,,,,,,,,,,,,,,,,,,,DishDeckbuilder,fr,Cuisine d'influenceur,Influencer Kitchen,Cuisine d'influenceur,Influencer Kitchen,4,4,Passive,Passive,,,"Chaque fois que vous donnez un Statut a un adversaire, gagnez 1 Faveur. Au debut de votre etape Frigo, si vous n'avez donne aucun Statut ce tour-ci, gagnez une Distraction.","Whenever you give a Status to an opponent, gain 1 Favor. At the start of your Fridge step, if you gave no Status this turn, gain a Distraction.",,,Neutre,Neutral
Review Bomb Campaign,,Review Bomb Campaign,7,#D6A23A,https://raw.githubusercontent.com/MaximeBastion/dish-deckbuilder/develop/assets/card-art/v1/review_bomb_campaign.png,Passive,,"Whenever you add a Status to an opponent's deck, put 1 token here. If there are 7 or more tokens here at judging, you win the game.",#00000000,,Neutral,#6C5A7B,,,,,,,,,,,,,,,,,,,,,,,DishDeckbuilder,fr,Campagne de review bombing,Review Bomb Campaign,Campagne de review bombing,Review Bomb Campaign,7,7,Passive,Passive,,,"Chaque fois que vous ajoutez un Statut au deck d'un adversaire, mettez 1 jeton ici. S'il y a au moins 7 jetons ici au jugement, vous gagnez la partie.","Whenever you add a Status to an opponent's deck, put 1 token here. If there are 7 or more tokens here at judging, you win the game.",,,Neutre,Neutral
Meal Prep Subscription,,Meal Prep Subscription,5,#D6A23A,https://raw.githubusercontent.com/MaximeBastion/dish-deckbuilder/develop/assets/card-art/v1/meal_prep_subscription.png,Passive,,"The first time each turn you draw 2 or more cards from one effect, gain 1 Time. At the start of your Fridge step, if you have no cards in hand, draw 1.",#00000000,,Neutral,#7A7A72,,,,,,,,,,,,,,,,,,,,,,,DishDeckbuilder,fr,Abonnement meal prep,Meal Prep Subscription,Abonnement meal prep,Meal Prep Subscription,5,5,Passive,Passive,,,"La premiere fois chaque tour que vous piochez au moins 2 cartes avec un effet, gagnez 1 Temps. Au debut de votre etape Frigo, si vous n'avez aucune carte en main, piochez 1.","The first time each turn you draw 2 or more cards from one effect, gain 1 Time. At the start of your Fridge step, if you have no cards in hand, draw 1.",,,Neutre,Neutral
Algorithmic Menu,,Algorithmic Menu,4,#D6A23A,https://raw.githubusercontent.com/MaximeBastion/dish-deckbuilder/develop/assets/card-art/v1/algorithmic_menu.png,Passive,,"At the start of your turn look at the top 2 cards of your deck. You may discard 1. If you discard a Status this way, gain 1 Favor.",#00000000,,Neutral,#7A7A72,,,,,,,,,,,,,,,,,,,,,,,DishDeckbuilder,fr,Menu algorithmique,Algorithmic Menu,Menu algorithmique,Algorithmic Menu,4,4,Passive,Passive,,,"Au debut de votre tour regardez les 2 premieres cartes de votre deck. Vous pouvez en defausser 1. Si vous defaussez un Statut ainsi, gagnez 1 Faveur.","At the start of your turn look at the top 2 cards of your deck. You may discard 1. If you discard a Status this way, gain 1 Favor.",,,Neutre,Neutral
Meal Prep Containers,,Meal Prep Containers,4,#D6A23A,https://raw.githubusercontent.com/MaximeBastion/dish-deckbuilder/develop/assets/card-art/v1/meal_prep_containers.png,Passive,,"At the start of your turn, if your Fridge is full, gain 1 Time. The first Dish you play from your Fridge each turn gets +1 Taste.",#00000000,,Neutral,#7A7A72,,,,,,,,,,,,,,,,,,,,,,,DishDeckbuilder,fr,Boites de meal prep,Meal Prep Containers,Boites de meal prep,Meal Prep Containers,4,4,Passive,Passive,,,"Au debut de votre tour, si votre Frigo est plein, gagnez 1 Temps. Le premier Plat que vous jouez depuis votre Frigo chaque tour gagne +1 Gout.","At the start of your turn, if your Fridge is full, gain 1 Time. The first Dish you play from your Fridge each turn gets +1 Taste.",,,Neutre,Neutral
FACTION - Appropriate,,FACTION - Appropriate,7,#D6A23A,https://raw.githubusercontent.com/MaximeBastion/dish-deckbuilder/develop/assets/card-art/v1/faction_appropriate.png,Faction,,"Whenever an opponent presents only dishes from one faction, after scoring steal their lowest-Taste presented dish and add it to your discard pile.",#00000000,,American,#C44736,,,,,,,,,,,,,,,,,,,,,,,DishDeckbuilder,fr,FACTION - Appropriation,FACTION - Appropriate,FACTION - Appropriation,FACTION - Appropriate,7,7,Faction,Faction,,,"Chaque fois qu'un adversaire presente uniquement des plats d'une seule faction, apres le score volez son plat presente avec le plus faible Gout et ajoutez-le a votre defausse.","Whenever an opponent presents only dishes from one faction, after scoring steal their lowest-Taste presented dish and add it to your discard pile.",,,Americain,American
FACTION - Legislation,,FACTION - Legislation,7,#D6A23A,https://raw.githubusercontent.com/MaximeBastion/dish-deckbuilder/develop/assets/card-art/v1/faction_legislation.png,Faction,,"During judging, if your highest-Taste dish has strictly more Taste than each opponent's highest-Taste dish, gain 2 Favor and each opponent loses 1 Favor.",#00000000,,French,#2F5DA8,,,,,,,,,,,,,,,,,,,,,,,DishDeckbuilder,fr,FACTION - Legislation,FACTION - Legislation,FACTION - Legislation,FACTION - Legislation,7,7,Faction,Faction,,,"Au jugement, si votre plat avec le plus de Gout a strictement plus de Gout que le meilleur plat de chaque adversaire, gagnez 2 Faveur et chaque adversaire perd 1 Faveur.","During judging, if your highest-Taste dish has strictly more Taste than each opponent's highest-Taste dish, gain 2 Favor and each opponent loses 1 Favor.",,,Francais,French
FACTION - Less Is More,,FACTION - Less Is More,7,#D6A23A,https://raw.githubusercontent.com/MaximeBastion/dish-deckbuilder/develop/assets/card-art/v1/faction_less_is_more.png,Faction,,"Whenever an opponent draws 3 or more cards from one effect, that opponent Scorches 1.",#00000000,,Japanese,#2F7D6D,,,,,,,,,,,,,,,,,,,,,,,DishDeckbuilder,fr,FACTION - Moins c'est plus,FACTION - Less Is More,FACTION - Moins c'est plus,FACTION - Less Is More,7,7,Faction,Faction,,,"Chaque fois qu'un adversaire pioche au moins 3 cartes avec un effet, cet adversaire Carbonise 1.","Whenever an opponent draws 3 or more cards from one effect, that opponent Scorches 1.",,,Japonais,Japanese
FACTION - Without Cream!,,FACTION - Without Cream!,7,#D6A23A,https://raw.githubusercontent.com/MaximeBastion/dish-deckbuilder/develop/assets/card-art/v1/faction_without_cream.png,Faction,,"At the start of your turn, if an opponent gained more Favor than you on their last turn, gain Favor equal to the difference, up to 3.",#00000000,,Italian,#3F8F45,,,,,,,,,,,,,,,,,,,,,,,DishDeckbuilder,fr,FACTION - Sans creme !,FACTION - Without Cream!,FACTION - Sans creme !,FACTION - Without Cream!,7,7,Faction,Faction,,,"Au debut de votre tour, si un adversaire a gagne plus de Faveur que vous pendant son dernier tour, gagnez autant de Faveur que la difference, jusqu'a 3.","At the start of your turn, if an opponent gained more Favor than you on their last turn, gain Favor equal to the difference, up to 3.",,,Italien,Italian
Foreigner Mistrust,,Foreigner Mistrust,5,#D6A23A,https://raw.githubusercontent.com/MaximeBastion/dish-deckbuilder/develop/assets/card-art/v1/foreigner_mistrust.png,Passive,,"At the start of your turn, each opponent gains a Judgment.",#00000000,,Japanese,#2F7D6D,,,,,,,,,,,,,,,,,,,,,,,DishDeckbuilder,fr,Mefiance envers les etrangers,Foreigner Mistrust,Mefiance envers les etrangers,Foreigner Mistrust,5,5,Passive,Passive,,,"Au debut de votre tour, chaque adversaire gagne un Jugement.","At the start of your turn, each opponent gains a Judgment.",,,Japonais,Japanese
Wage Inequalities,,Wage Inequalities,5,#D6A23A,https://raw.githubusercontent.com/MaximeBastion/dish-deckbuilder/develop/assets/card-art/v1/wage_inequalities.png,Passive,,"Whenever you present a dish with 5 or more Taste, each opponent gains Strike.",#00000000,,French,#2F5DA8,,,,,,,,,,,,,,,,,,,,,,,DishDeckbuilder,fr,Inegalites salariales,Wage Inequalities,Inegalites salariales,Wage Inequalities,5,5,Passive,Passive,,,"Chaque fois que vous presentez un plat avec au moins 5 Gout, chaque adversaire gagne Greve.","Whenever you present a dish with 5 or more Taste, each opponent gains Strike.",,,Francais,French
Distraction,,Distraction,,#00000000,https://raw.githubusercontent.com/MaximeBastion/dish-deckbuilder/develop/assets/card-art/v1/distraction.png,Status,,No effect. It is still annoying.,#00000000,,Neutral,#6C5A7B,,,,,,,,,,,,,,,,,,,,,,,DishDeckbuilder,fr,Distraction,Distraction,Distraction,Distraction,,,Statut,Status,,,Aucun effet. C'est quand meme penible.,No effect. It is still annoying.,,,Neutre,Neutral
Food Coma,,Food Coma,,#00000000,https://raw.githubusercontent.com/MaximeBastion/dish-deckbuilder/develop/assets/card-art/v1/food_coma.png,Status,,"While this is in your hand, your first card learned each turn costs 1 more Time.",#00000000,,Neutral,#6C5A7B,,,,,,,,,,,,,,,,,,,,,,,DishDeckbuilder,fr,Coma alimentaire,Food Coma,Coma alimentaire,Food Coma,,,Statut,Status,,,"Tant que cette carte est dans votre main, la premiere carte que vous apprenez chaque tour coute 1 Temps de plus.","While this is in your hand, your first card learned each turn costs 1 more Time.",,,Neutre,Neutral
Yelp Review,,Yelp Review,,#00000000,https://raw.githubusercontent.com/MaximeBastion/dish-deckbuilder/develop/assets/card-art/v1/yelp_review.png,Status,,During judging your highest-Taste dish gets -1 Taste. Then Peel Yelp Review.,#00000000,,Neutral,#6C5A7B,,,,,,,,,,,,,,,,,,,,,,,DishDeckbuilder,fr,Avis Yelp,Yelp Review,Avis Yelp,Yelp Review,,,Statut,Status,,,Au jugement votre plat avec le plus de Gout gagne -1 Gout. Puis Epluchez Avis Yelp.,During judging your highest-Taste dish gets -1 Taste. Then Peel Yelp Review.,,,Neutre,Neutral
Health Inspection,,Health Inspection,,#00000000,https://raw.githubusercontent.com/MaximeBastion/dish-deckbuilder/develop/assets/card-art/v1/health_inspection.png,Status,,"During judging if you present 3 or more dishes, lose 1 Favor. Then Peel Health Inspection.",#00000000,,Neutral,#6C5A7B,,,,,,,,,,,,,,,,,,,,,,,DishDeckbuilder,fr,Inspection sanitaire,Health Inspection,Inspection sanitaire,Health Inspection,,,Statut,Status,,,"Au jugement si vous presentez au moins 3 plats, perdez 1 Faveur. Puis Epluchez Inspection sanitaire.","During judging if you present 3 or more dishes, lose 1 Favor. Then Peel Health Inspection.",,,Neutre,Neutral
Strike,,Strike,,#00000000,https://raw.githubusercontent.com/MaximeBastion/dish-deckbuilder/develop/assets/card-art/v1/strike.png,Status,,The first Technique you play each turn costs 1 more Time. Then Peel Strike.,#00000000,,Neutral,#6C5A7B,,,,,,,,,,,,,,,,,,,,,,,DishDeckbuilder,fr,Greve,Strike,Greve,Strike,,,Statut,Status,,,La premiere Technique que vous jouez chaque tour coute 1 Temps de plus. Puis Epluchez Greve.,The first Technique you play each turn costs 1 more Time. Then Peel Strike.,,,Neutre,Neutral
Shame,,Shame,,#00000000,https://raw.githubusercontent.com/MaximeBastion/dish-deckbuilder/develop/assets/card-art/v1/shame.png,Status,,"During judging if you present dishes from 2 or more factions, lose 1 Favor. Then Peel Shame.",#00000000,,Neutral,#6C5A7B,,,,,,,,,,,,,,,,,,,,,,,DishDeckbuilder,fr,Honte,Shame,Honte,Shame,,,Statut,Status,,,"Au jugement si vous presentez des plats de 2 factions ou plus, perdez 1 Faveur. Puis Epluchez Honte.","During judging if you present dishes from 2 or more factions, lose 1 Favor. Then Peel Shame.",,,Neutre,Neutral
Judgment,,Judgment,,#00000000,https://raw.githubusercontent.com/MaximeBastion/dish-deckbuilder/develop/assets/card-art/v1/judgment.png,Status,,"When drawn, reveal the top card of your deck. Peel it unless it is Japanese. Then Peel Judgment.",#00000000,,Neutral,#6C5A7B,,,,,,,,,,,,,,,,,,,,,,,DishDeckbuilder,fr,Jugement,Judgment,Jugement,Judgment,,,Statut,Status,,,"Quand vous piochez cette carte, revelez la carte du dessus de votre deck. Epluchez-la sauf si elle est Japonaise. Puis Epluchez Jugement.","When drawn, reveal the top card of your deck. Peel it unless it is Japanese. Then Peel Judgment.",,,Neutre,Neutral
Mangia Mangia!,,Mangia Mangia!,,#00000000,https://raw.githubusercontent.com/MaximeBastion/dish-deckbuilder/develop/assets/card-art/v1/mangia_mangia_status.png,Status,,"When drawn, discard all Dish cards from your hand. Then Peel Mangia Mangia!.",#00000000,,Neutral,#6C5A7B,,,,,,,,,,,,,,,,,,,,,,,DishDeckbuilder,fr,Mangia Mangia !,Mangia Mangia!,Mangia Mangia !,Mangia Mangia!,,,Statut,Status,,,"Quand vous piochez cette carte, defaussez tous les Plats de votre main. Puis Epluchez Mangia Mangia !.","When drawn, discard all Dish cards from your hand. Then Peel Mangia Mangia!.",,,Neutre,Neutral
On Strike,,On Strike,,#00000000,https://raw.githubusercontent.com/MaximeBastion/dish-deckbuilder/develop/assets/card-art/v1/on_strike.png,Status,,"When drawn, your Cook step ends. Then Peel On Strike.",#00000000,,Neutral,#6C5A7B,,,,,,,,,,,,,,,,,,,,,,,DishDeckbuilder,fr,En greve,On Strike,En greve,On Strike,,,Statut,Status,,,"Quand vous piochez cette carte, votre etape Cuisine se termine. Puis Epluchez En greve.","When drawn, your Cook step ends. Then Peel On Strike.",,,Neutre,Neutral
We Heard You Have Oil,,We Heard You Have Oil,,#00000000,https://raw.githubusercontent.com/MaximeBastion/dish-deckbuilder/develop/assets/card-art/v1/we_heard_you_have_oil.png,Status,,"When drawn, discard the highest-cost card from your hand. Then Peel We Heard You Have Oil.",#00000000,,Neutral,#6C5A7B,,,,,,,,,,,,,,,,,,,,,,,DishDeckbuilder,fr,On a entendu que vous aviez du petrole,We Heard You Have Oil,On a entendu que vous aviez du petrole,We Heard You Have Oil,,,Statut,Status,,,"Quand vous piochez cette carte, defaussez la carte avec le cout le plus eleve de votre main. Puis Epluchez On a entendu que vous aviez du petrole.","When drawn, discard the highest-cost card from your hand. Then Peel We Heard You Have Oil.",,,Neutre,Neutral
